iter	Logloss
0	0.462701201
1	0.3846165114
2	0.3523012546
3	0.3379730957
4	0.3304927036
5	0.3278179765
6	0.3248754216
